"Application","Branch","Status","Timestamp"
"Doc Gen","main","Success","2026-01-13 18:42:57"
"RTI","main","Success","2026-01-13 18:42:57"
"MAAG","main","Success","2026-01-13 18:42:57"
"BYOCC","main","Success","2026-01-13 18:42:57"
"MACAE v4","main","Success","2026-01-13 18:42:57"
"Content Processing","main","Success","2026-01-13 18:42:57"
"Deploy your AI application","main","Success","2026-01-13 18:42:57"
"Code Modernization","main","Success","2026-01-13 18:42:57"
"CWYD","main","Success","2026-01-13 18:42:57"
"Container Migration","main","Success","2026-01-13 18:42:57"
"BYOC","main","Success","2026-01-13 18:42:57"
"Fabric SQL","main","Success","2026-01-13 18:42:57"
"DKM","main","Success","2026-01-13 18:42:57"
